posted_date,description,amount,balance,reference
2026-08-02,ACH CREDIT HOLLOWAY DENTAL GRP,2850.00,15330.00,STM-0001
2026-08-03,SQ *HARBOR BEAN CO,-18.75,15311.25,STM-0002
2026-08-05,TALLGRASS OFFICE SUP,-109.38,15201.87,STM-0003
2026-08-05,COPPERLINE FUEL 0412,-51.83,15150.04,STM-0004
2026-08-05,LUMENFIELD*HOSTING,-58.00,15092.04,STM-0005
2026-08-06,COPPERLINE FUEL 0412,-46.30,15045.74,STM-0006
2026-08-07,FERNHOLLOW MKT,-23.94,15021.80,STM-0007
2026-08-07,ONLINE TRANSFER TO SAV 4471,-1500.00,13521.80,STM-0008
2026-08-08,PEBBLE ST DINER,-44.48,13477.32,STM-0009
2026-08-10,BRIGHTWICK PRINT,-95.72,13381.60,STM-0010
2026-08-11,BRIGHTWICK PRINT,-77.37,13304.23,STM-0011
2026-08-11,CEDAR PINE HDWE,-49.41,13254.82,STM-0012
2026-08-11,WRENFIELD COURIER,-25.80,13229.02,STM-0013
2026-08-12,TST* SALTMARSH LUNCH,-25.36,13203.66,STM-0014
2026-08-12,ACH CREDIT BRAMBLEWOOD LANDSCAPE,1625.00,14828.66,STM-0015
2026-08-13,TST* SALTMARSH LUNCH,-25.36,14803.30,STM-0016
2026-08-13,NORTHGATE PKG,-18.00,14785.30,STM-0017
2026-08-14,STARLING COWORK,-95.00,14690.30,STM-0018
2026-08-14,MOSSGATE BAKERY,-23.25,14667.05,STM-0019
2026-08-14,IRONBARK RENTAL,-95.72,14571.33,STM-0020
2026-08-15,IRONBARK RENTAL,-76.04,14495.29,STM-0021
2026-08-15,SQ *TIDEPOOL TAQUERIA,-22.75,14472.54,STM-0022
2026-08-16,CARD PAYMENT - THANK YOU,1200.00,15672.54,STM-0023
2026-08-18,SQ *HARBOR BEAN CO,-31.85,15640.69,STM-0024
2026-08-18,MERIDIAN TIRE LUBE,-110.50,15530.19,STM-0025
2026-08-19,SQ *HARBOR BEAN CO,-31.85,15498.34,STM-0026
2026-08-19,DOVETAIL MOBILE,-142.51,15355.83,STM-0027
2026-08-19,THISTLEDOWN SOFTWARE,-60.00,15295.83,STM-0028
2026-08-19,MOBILE DEPOSIT,940.00,16235.83,STM-0029
2026-08-20,VELVET MOTH STATION,-102.04,16133.79,STM-0030
2026-08-22,TALLGRASS OFFICE SUP,95.70,16229.49,STM-0031
2026-08-22,TST* SALTMARSH LUNCH,-43.48,16186.01,STM-0032
2026-08-23,FERNHOLLOW MKT,-34.58,16151.43,STM-0033
2026-08-24,CEDAR PINE HDWE,-56.35,16095.08,STM-0034
2026-08-25,NORTHGATE PKG,-12.00,16083.08,STM-0035
2026-08-26,ACH CREDIT ASHFORD PROPERTY MGMT,2100.00,18183.08,STM-0036
2026-08-27,PEBBLE ST DINER,-48.53,18134.55,STM-0037
2026-08-28,ONLINE TRANSFER FROM SAV 4471,500.00,18634.55,STM-0038
2026-08-31,INTEREST PAID,3.12,18637.67,STM-0039
